Date,Open,High,Low,Close,Adj Close,Volume
1985-01-01,0.09957955658279072,0.10641798209890617,0.09530601852557259,0.09915219992399216,6366416000,0.09915219992399216
1985-02-01,0.09915222750438489,0.10513595277965584,0.08462142944335938,0.08462142944335938,4733388800,0.08462142944335938
1985-03-01,0.08462142059343877,0.08889495939245619,0.07094533181188392,0.07564622163772583,4615587200,0.07564622163772583
1985-04-01,0.07564625953046408,0.07863850566642915,0.06709918335718078,0.07265478372573853,2868028800,0.07265478372573853
1985-05-01,0.07265473001094742,0.07607356023512842,0.057696586008715245,0.05940600112080574,4639129600,0.05940600112080574
1985-06-01,0.05812391664859655,0.06325216019512711,0.05043078670455067,0.06154274567961693,5811388800,0.06154274567961693
1985-07-01,0.0619701260589949,0.062397482745099375,0.05427776277065277,0.05427776277065277,2600595200,0.05427776277065277
1985-08-01,0.05427777643395236,0.05513248431516237,0.04957611560941187,0.051285531371831894,1818745600,0.051285531371831894
1985-09-01,0.051285513803111284,0.05897864672339631,0.05043080621469582,0.05385040119290352,1797196800,0.05385040119290352
1985-10-01,0.053850441584449925,0.06581712142264776,0.051285552270813745,0.06367958337068558,3785913600,0.06367958337068558
1985-11-01,0.06367956701443953,0.07094535257720129,0.06367956701443953,0.06880858540534973,2884672000,0.06880858540534973
1985-12-01,0.06880858628402024,0.07821113913870209,0.06581710535784015,0.07521889358758926,3571209600,0.07521889358758926
1986-01-01,0.07521889806615076,0.08462145148066416,0.07436418999437483,0.07906585186719894,6291801600,0.07906585186719894
1986-02-01,0.07906579719234647,0.0914598174343985,0.07821108971160999,0.0854761004447937,3420860800,0.0854761004447937
1986-03-01,0.08547611026579162,0.10128896795380118,0.08291198752897072,0.09658806771039963,4264332800,0.09658806771039963
1986-04-01,0.09658806469969147,0.11197356526557893,0.08975040998745615,0.1034265011548996,4462684800,0.1034265011548996
1986-05-01,0.10342649541465286,0.12821453659843027,0.10171708040492955,0.12650512158870697,4954051200,0.12650512158870697
1986-06-01,0.12650511433803321,0.13377013056603734,0.11111885088344894,0.12265816330909729,4063360000,0.12265816330909729
1986-07-01,0.12265821458364864,0.12906929636636946,0.10257181920258863,0.10684536397457123,5691638400,0.10684536397457123
1986-08-01,0.10641796882859228,0.1299239516081536,0.10470855381886897,0.12650512158870697,3643516800,0.12650512158870697
1986-09-01,0.12693252953380413,0.12693252953380413,0.10812742757192598,0.11453849822282791,3578198400,0.11453849822282791
1986-10-01,0.11411107940199203,0.12052138194281614,0.11026412868821135,0.11838462203741074,2984038400,0.11838462203741074
1986-11-01,0.11881206766704704,0.14103600561116245,0.11582058101435733,0.13676169514656067,5206163200,0.13676169514656067
1986-12-01,0.13676167627098967,0.15001117525299182,0.1337702014434898,0.13847185671329498,4762576000,0.13847185671329498
1987-01-01,0.13804445805323073,0.1957402914591565,0.13718899148517955,0.1897573322057724,8268915200,0.1897573322057724
1987-02-01,0.1897573688479369,0.24403437072403164,0.17650863594921448,0.23933348059654236,6616176000,0.23933348059654236
1987-03-01,0.24018817371528944,0.2410428643388743,0.212835996720389,0.22052834928035736,5959318400,0.22052834928035736
1987-04-01,0.2154001211105018,0.2735240839593331,0.21326334883415307,0.2709599435329437,6813161600,0.2709599435329437
1987-05-01,0.27181461680030966,0.2812171712026962,0.24788127355058664,0.2701052129268646,3838956800,0.2701052129268646
1987-06-01,0.2722285673163375,0.29619835900987534,0.2602436714695686,0.2773646116256714,3497536000,0.2773646116256714
1987-07-01,0.2790764975008124,0.30647108942399404,0.24997067653018043,0.28250131011009216,3070256000,0.28250131011009216
1987-08-01,0.28078846489585346,0.37153152793278044,0.27394041792133866,0.3698195219039917,3119300800,0.3698195219039917
1987-09-01,0.3754402062454696,0.4028702028554181,0.3325821483628657,0.38744056224823,3075486400,0.38744056224823
1987-10-01,0.38915502516647443,0.40972735692696605,0.18943483019920174,0.26486560702323914,6575699200,0.26486560702323914
1987-11-01,0.2657225750402799,0.2742945168804947,0.20914913680712655,0.22629299759864807,4234238400,0.22629299759864807
1987-12-01,0.2302224239613082,0.30066377172867453,0.2044513647754987,0.2886372208595276,4702264000,0.2886372208595276
1988-01-01,0.29379114507258,0.31784424917955223,0.2628661875600004,0.2852013111114502,6221600000,0.2852013111114502
1988-02-01,0.2869192618327045,0.30066377007371226,0.25943022241186375,0.29550987482070923,3368467200,0.29550987482070923
1988-03-01,0.2978141508700784,0.3288001314431678,0.2668273888384424,0.2754349708557129,4882102400,0.2754349708557129
1988-04-01,0.27371357370935,0.29178859313136735,0.2651060155516789,0.2823203504085541,3297929600,0.2823203504085541
1988-05-01,0.2805989288487969,0.296953356203594,0.2573590727915299,0.28576377034187317,2638507200,0.28576377034187317
1988-06-01,0.2863291846921413,0.3225515235451344,0.28460443314101086,0.3191012144088745,3534731200,0.3191012144088745
1988-07-01,0.3208267452903332,0.3277257739501645,0.2915034381120987,0.3061647117137909,2186419200,0.3061647117137909
1988-08-01,0.3070271323526376,0.31565172003968517,0.2708047898547529,0.2751174867153168,2653313600,0.2751174867153168
1988-09-01,0.2747720918804921,0.30587789974978163,0.26094721403683324,0.29896584153175354,3060321600,0.29896584153175354
1988-10-01,0.29723782957346856,0.2989658325395222,0.2592183956685707,0.26699525117874146,3563649600,0.26699525117874146
1988-11-01,0.2661312131677118,0.27477205781299713,0.2453934951966215,0.2600831687450409,2939865600,0.2600831687450409
1988-12-01,0.2616358339737219,0.29109114149342413,0.25990246120199634,0.2789623439311981,2946070400,0.2789623439311981
1989-01-01,0.27896228673975587,0.3049524396229726,0.25123954799076476,0.26163578033447266,7345833600,0.26163578033447266
1989-02-01,0.2616357701310174,0.27896227586058936,0.24430845471705231,0.251239538192749,4886268800,0.251239538192749
1989-03-01,0.25193220194970695,0.2536695644617885,0.23281977606440313,0.24758805334568024,3859676800,0.24758805334568024
1989-04-01,0.24671945161098313,0.2892876769869271,0.23542589571378833,0.27104392647743225,3966424000,0.27104392647743225
1989-05-01,0.2675692032358321,0.34054262230015,0.2675692032358321,0.33185508847236633,5253382400,0.33185508847236633
1989-06-01,0.33258212847227986,0.3499952620476585,0.27512082423751977,0.2873097062110901,3941280000,0.2873097062110901
1989-07-01,0.29079211052348336,0.292533257025854,0.26293202285146644,0.2768620550632477,3688630400,0.2768620550632477
1989-08-01,0.2768620086586983,0.31865212153809963,0.27337890254184954,0.30994555354118347,3352305600,0.30994555354118347
1989-09-01,0.31068092584609985,0.3263900987640371,0.30020921586684685,0.31068092584609985,2020849600,0.31068092584609985
1989-10-01,0.3106809946271183,0.35169843256047945,0.29671791147292914,0.32464489340782166,4125049600,0.32464489340782166
1989-11-01,0.3228988154651571,0.3298807651863127,0.2967179255313872,0.3089357316493988,2524939200,0.3089357316493988
1989-12-01,0.31144641845332327,0.3201951467014914,0.22746146797188171,0.2467077076435089,5941185600,0.2467077076435089
1990-01-01,0.24670777274841849,0.27120359223206647,0.22483635517422912,0.23795904219150543,3747497600,0.23795904219150543
1990-02-01,0.241459015651569,0.24670777274841849,0.22571113244968144,0.23795904219150543,2483891200,0.23795904219150543
1990-03-01,0.23521515574901988,0.3045513010773032,0.2334599417188893,0.28260940313339233,4556473600,0.28260940313339233
1990-04-01,0.28085423191124276,0.3106946326934684,0.2676892458177914,0.27646616101264954,3642475200,0.27646616101264954
1990-05-01,0.27909894734721413,0.30016242940033533,0.27207724762819,0.28963109850883484,4115630400,0.28963109850883484
1990-06-01,0.2913146642560635,0.3159575732915327,0.26403081907485787,0.315077543258667,3952054400,0.315077543258667
1990-07-01,0.313316738626952,0.3361995715069739,0.2816334615600127,0.29571500420570374,4163812800,0.29571500420570374
1990-08-01,0.2957149027676376,0.3080363570496225,0.2358677148910778,0.2605106234550476,3128339200,0.2605106234550476
1990-09-01,0.25776716380074377,0.26482879964964395,0.19244285400160277,0.2048015594482422,2206948800,0.2048015594482422
1990-10-01,0.20833250506491482,0.22598744132749124,0.17125639166999124,0.21716037392616272,5056116800,0.21716037392616272
1990-11-01,0.21539417670495217,0.2718914520172846,0.21009794019517444,0.25953274965286255,3254608000,0.25953274965286255
1990-12-01,0.26394291806024617,0.32062904543489607,0.2621715889227451,0.30468639731407166,4094092800,0.30468639731407166
1991-01-01,0.30291421772933436,0.3968003712420002,0.29760027843150016,0.393257737159729,7037307200,0.393257737159729
1991-02-01,0.39325776201563073,0.441086506228339,0.3879430182429416,0.4056577980518341,5545780800,0.4056577980518341
1991-03-01,0.4047363208397948,0.49881922828455394,0.4047363208397948,0.4828430116176605,5210598400,0.4828430116176605
1991-04-01,0.4828431058512248,0.5201214260342878,0.3869843413859937,0.3905344307422638,7243051200,0.3905344307422638
1991-05-01,0.3408298663018072,0.381659065197178,0.3124275749508909,0.33372971415519714,7972843200,0.33372971415519714
1991-06-01,0.33458382050747404,0.352380472526942,0.2865317812798472,0.2954305112361908,4091662400,0.2954305112361908
1991-07-01,0.30076916512113117,0.3434824424286326,0.2972100164245891,0.32924413681030273,3783494400,0.32924413681030273
1991-08-01,0.3274646303454184,0.3950936971419328,0.32568503186667896,0.37729623913764954,4172649600,0.37729623913764954
1991-09-01,0.3763643425717724,0.38171597585788736,0.33177187577893175,0.35317590832710266,2393070400,0.35317590832710266
1991-10-01,0.3513923240744123,0.401336452451718,0.3317719055598568,0.36744555830955505,3593990400,0.36744555830955505
1991-11-01,0.365661998150023,0.3942020707387232,0.33890632757405603,0.36209478974342346,3696033600,0.36209478974342346
1991-12-01,0.3629656176278406,0.41481774640689545,0.3468737744041052,0.4031956195831299,2607169600,0.4031956195831299
1992-01-01,0.3987257934682666,0.49348970886901067,0.3969378883022599,0.46309393644332886,4703160000,0.46309393644332886
1992-02-01,0.4630941014207801,0.5006422718062488,0.4416377516913977,0.48276254534721375,2534996800,0.48276254534721375
1992-03-01,0.4854565875285178,0.49083028755392527,0.41380226314931445,0.41738471388816833,2985662400,0.41738471388816833
1992-04-01,0.41021991113085704,0.43888129380649316,0.3797664416379631,0.43081992864608765,3931390400,0.43081992864608765
1992-05-01,0.4299243920288383,0.45321212729544325,0.41738492322021276,0.42813318967819214,2703724800,0.42813318967819214
1992-06-01,0.41021980893472665,0.42634172205665805,0.3063207979022238,0.3439391851425171,4851683200,0.3439391851425171
1992-07-01,0.3446309808885903,0.35540083684144935,0.31232227577840654,0.3356567919254303,3632809600,0.3356567919254303
1992-08-01,0.33565692725089774,0.3392466090764461,0.2979628595757371,0.3302716016769409,2746531200,0.3302716016769409
1992-09-01,0.33295898880669766,0.35995640654587924,0.31496154334208043,0.32486051321029663,3055662400,0.32486051321029663
1992-10-01,0.3221609241423266,0.3887525432158725,0.29876366096814877,0.37795373797416687,3531427200,0.37795373797416687
1992-11-01,0.37795373335206406,0.42834756446567257,0.3707542576095876,0.4139494299888611,3126547200,0.4139494299888611
1992-12-01,0.41302678431969786,0.44188427855502294,0.3931867001648251,0.4310625195503235,3334318400,0.4310625195503235
1993-01-01,0.42925894260406494,0.47074169509421476,0.41302671614944836,0.42925894260406494,5542264000,0.42925894260406494
1993-02-01,0.42745539350178147,0.4436876664735549,0.37154305911236596,0.38236483931541443,4651281600,0.38236483931541443
1993-03-01,0.3831986035420004,0.41754212630610915,0.3633161071264978,0.3723532259464264,3661526400,0.3723532259464264
1993-04-01,0.370545893907547,0.37958383526096773,0.3380105985795928,0.370545893907547,3914411200,0.370545893907547
1993-05-01,0.37054595358895304,0.42748394831466274,0.3687385146535565,0.4094080626964569,3200545600,0.4094080626964569
1993-06-01,0.40935825055161346,0.4220374963191276,0.2789434068853123,0.2861890494823456,7674396800,0.2861890494823456
1993-07-01,0.28256567964907053,0.2880001024240329,0.1847549814043712,0.20105662941932678,7142912000,0.20105662941932678
1993-08-01,0.20467902022046564,0.22279270629224485,0.18747178870406528,0.19199979305267334,3683164800,0.19199979305267334
1993-09-01,0.1928448694737667,0.1964832216183295,0.16737477702023532,0.1701035350561142,3668022400,0.1701035350561142
1993-10-01,0.16555571085098036,0.23468850394989843,0.16009817901119094,0.22377346456050873,5905323200,0.22377346456050873
1993-11-01,0.22377334896076365,0.25470096204015946,0.21649581773413554,0.2292308658361435,3452108800,0.2292308658361435
1993-12-01,0.23370605907267106,0.23735831539808672,0.1935379067300347,0.21362239122390747,3956971200,0.21362239122390747
1994-01-01,0.2154480948125731,0.25744193216801176,0.20997011312080321,0.23918399214744568,7332035200,0.23918399214744568
1994-02-01,0.24100974662049393,0.27935218581088495,0.23553176427575928,0.26657137274742126,4284459200,0.26657137274742126
1994-03-01,0.26936157204602895,0.28218831357203034,0.23088134746802483,0.24370808899402618,5257985600,0.24370808899402618
1994-04-01,0.23637799972720291,0.2510378499884502,0.19789781329796655,0.21988672018051147,4042136000,0.21988672018051147
1994-05-01,0.21988685045730658,0.2473726180786059,0.20889239661839126,0.21439003944396973,3361657600,0.21439003944396973
1994-06-01,0.2097171372041631,0.21063689760841756,0.18120310325362826,0.19500024616718292,4671788800,0.19500024616718292
1994-07-01,0.19408051889846412,0.25018882369386997,0.18672249581233152,0.2478894591331482,4848065600,0.2478894591331482
1994-08-01,0.24742956763333887,0.27502385829004633,0.23639170400068257,0.2662861943244934,4574897600,0.2662861943244934
1994-09-01,0.26120862875399875,0.27505356596662434,0.24644076966742193,0.24874812364578247,3232644800,0.24874812364578247
1994-10-01,0.24828658163735975,0.3230496938832293,0.23998013877904326,0.31889647245407104,7713484800,0.31889647245407104
1994-11-01,0.31658921922667665,0.3210881371947381,0.2685930136076539,0.27505359053611755,4048945600,0.27505359053611755
1994-12-01,0.2740293372634142,0.2953224818499737,0.25736564446734983,0.2888416349887848,3787795200,0.2888416349887848
1995-01-01,0.28791595164888545,0.3559602424471668,0.28051022203991693,0.29902538657188416,8162100800,0.29902538657188416
1995-02-01,0.3018025585683578,0.3295756912612393,0.2814359719988817,0.2925454080104828,5299347200,0.2925454080104828
1995-03-01,0.295206360484877,0.30263245509309916,0.25157473915303685,0.26178643107414246,6997144000,0.26178643107414246
1995-04-01,0.2636427535765741,0.29427785410392204,0.24971800084121062,0.28406617045402527,5674300800,0.28406617045402527
1995-05-01,0.2840661502116923,0.32955342468420407,0.2784957289490864,0.3086667060852051,6384672000,0.3086667060852051
1995-06-01,0.31184982587458604,0.3732891234751452,0.3090573260000297,0.3458278179168701,5521947200,0.3458278179168701
1995-07-01,0.3462933076204911,0.37142752576391636,0.32022824774785336,0.3351224362850189,5699579200,0.3351224362850189
1995-08-01,0.33419168899545093,0.344430876337558,0.31184996486850924,0.32022833824157715,5292918400,0.32022833824157715
1995-09-01,0.3211023680204813,0.33977071849628604,0.25949535082004793,0.27816370129585266,7311483200,0.27816370129585266
1995-10-01,0.2818981217314058,0.29543290837562314,0.2510941695729116,0.2711634337902069,6498508800,0.2711634337902069
1995-11-01,0.2734968236455823,0.31736802722848323,0.26509560697899265,0.2846981883049011,4864294400,0.2846981883049011
1995-12-01,0.2846488511204,0.3005665153854559,0.236895008220328,0.2387675642967224,6560243200,0.2387675642967224
1996-01-01,0.2415763888674468,0.2659214658672496,0.20119704717696033,0.2069322168827057,10300214400,0.2069322168827057
1996-02-01,0.20599590241909027,0.22659499009908676,0.20412333423028944,0.20599590241909027,4652099200,0.20599590241909027
1996-03-01,0.2069322399818585,0.2069322399818585,0.1722872015234395,0.18399159610271454,3346750400,0.18399159610271454
1996-04-01,0.18820480858631705,0.19850477668064243,0.17790569059665345,0.18258711695671082,2867076800,0.18258711695671082
1996-05-01,0.18258713628425474,0.2162958774486935,0.1760323035835056,0.19569595158100128,3603902400,0.19569595158100128
1996-06-01,0.19382332026372256,0.19475959782922914,0.14700576653669373,0.1573057323694229,4673939200,0.1573057323694229
1996-07-01,0.1582420849554098,0.17041462419152842,0.11985192372982915,0.16479691863059998,4803489600,0.16479691863059998
1996-08-01,0.16479688177822754,0.18726853660009835,0.15543320366727806,0.18165083229541779,3187374400,0.18165083229541779
1996-09-01,0.18071460706108275,0.18445973185203327,0.15168811158670067,0.16620135307312012,3213548800,0.16620135307312012
1996-10-01,0.1647969359535143,0.2078685292581847,0.1647969359535143,0.1722872108221054,5816977600,0.1722872108221054
1996-11-01,0.17509605118956925,0.19756855017341174,0.1732234825414812,0.18071460723876953,2581364800,0.18071460723876953
1996-12-01,0.18071451825352555,0.19101447209885325,0.15543317249551206,0.15636946260929108,4147483200,0.15636946260929108
1997-01-01,0.15824204812377743,0.1666694483577573,0.12359703200261744,0.12453415989875793,9072739200,0.12453415989875793
1997-02-01,0.12640678222767876,0.13389704527824675,0.11329796240798107,0.12172451615333557,4574169600,0.12172451615333557
1997-03-01,0.12359704493010629,0.14513324910946065,0.11891561797853857,0.13670586049556732,4502243200,0.13670586049556732
1997-04-01,0.13202442814108364,0.1488783795774581,0.12547044567895033,0.12734301388263702,3809724800,0.12734301388263702
1997-05-01,0.12640672798321778,0.13483327811251736,0.12266074170961781,0.12453415989875793,2292707200,0.12453415989875793
1997-06-01,0.1273429889101949,0.1282792790791983,0.10487049966650641,0.10674306750297546,2572304000,0.10674306750297546
1997-07-01,0.10440240682414768,0.13576959773279357,0.095506864953839,0.13108818233013153,6782372800,0.13108818233013153
1997-08-01,0.13202441613210203,0.22144541232289472,0.13155628349991702,0.16292347013950348,17675705600,0.16292347013950348
1997-09-01,0.16479690129336733,0.1741597429099098,0.15730579039688566,0.16245535016059875,3606075200,0.16245535016059875
1997-10-01,0.16245532221188344,0.1853959585575999,0.11891560025038009,0.1275770664215088,6430043200,0.1275770664215088
1997-11-01,0.13155628404379463,0.16105090277195988,0.12640672505615755,0.132960706949234,5547483200,0.132960706949234
1997-12-01,0.13249252828241243,0.13436509584960254,0.09550680914706293,0.0983164981007576,5097792000,0.0983164981007576
1998-01-01,0.1020616644282364,0.1498146647950589,0.10112538035848491,0.13717399537563324,10211577600,0.13717399537563324
1998-02-01,0.13857929253948112,0.1788420372274113,0.13015190233470353,0.1769694685935974,7354166400,0.1769694685935974
1998-03-01,0.17650044376129986,0.2097410387966919,0.16198719331875092,0.20599590241909027,10625977600,0.20599590241909027
1998-04-01,0.20552769067256144,0.2219134914947292,0.1849277720620443,0.20505955815315247,8081886400,0.20505955815315247
1998-05-01,0.2059959387997347,0.23689500082913192,0.1919508435508272,0.1994411051273346,6803339200,0.1994411051273346
1998-06-01,0.19850483433489532,0.21723220791905734,0.19195085052910613,0.21489064395427704,3909841600,0.21489064395427704
1998-07-01,0.21629585772425247,0.28558506437323444,0.2134861617635922,0.259367436170578,10927660800,0.259367436170578
1998-08-01,0.2565585967895488,0.3277203608041233,0.23221352354210908,0.23361794650554657,13220872000,0.23361794650554657
1998-09-01,0.23502234826464516,0.3010345721262041,0.2294046569177383,0.28558504581451416,8080318400,0.28558504581451416
1998-10-01,0.2752851767871252,0.3094620700346895,0.21348622431558026,0.27809402346611023,12930926400,0.27809402346611023
1998-11-01,0.2809027320025655,0.2949486837028959,0.23783116211792288,0.23923560976982117,10123523200,0.23923560976982117
1998-12-01,0.23970378551628108,0.3108663965184741,0.23689493971243972,0.3066522777080536,12924105600,0.3066522777080536
1999-01-01,0.31554788192746286,0.3544061731392063,0.27762585615687335,0.3085257411003113,15127403200,0.3085257411003113
1999-02-01,0.3122708033181379,0.31414338375952455,0.25843112776058086,0.26077184081077576,8116516800,0.26077184081077576
1999-03-01,0.26077183541890425,0.2780939167312613,0.2397037681996903,0.2691992223262787,9951995200,0.2691992223262787
1999-04-01,0.2701356302458534,0.3530018122240278,0.25094011006131145,0.3445744216442108,15888969600,0.3445744216442108
1999-05-01,0.34504254176705973,0.37453803266615365,0.30665237791686545,0.3300611674785614,8908905600,0.3300611674785614
1999-06-01,0.33708413723470976,0.3670469110678483,0.3150797708480348,0.3469151258468628,6918620800,0.3469151258468628
1999-07-01,0.3469150491721042,0.42416351824055304,0.3384884857951041,0.4171413779258728,11466582400,0.4171413779258728
1999-08-01,0.41667315209671263,0.49345344631226856,0.39045552724712107,0.4887711703777313,9244603200,0.4887711703777313
1999-09-01,0.5018801519324123,0.6001967283056954,0.4302502670974967,0.47425809502601624,18967468800,0.47425809502601624
1999-10-01,0.465363483298891,0.607218955775012,0.4456998543797793,0.6001968383789062,14468496000,0.6001968383789062
1999-11-01,0.5992602988734529,0.7771650929955447,0.5791284713196996,0.7331572771072388,8624929600,0.7331572771072388
1999-12-01,0.7565660517168181,0.8839081722191029,0.6821264413064181,0.7701429724693298,9418214400,0.7701429724693298
2000-01-01,0.7855926727541633,0.910125971238642,0.6479496585229638,0.7771652340888977,12555177600,0.7771652340888977
2000-02-01,0.7790381139358106,0.8984227736840823,0.726602831263963,0.8586281538009644,7319782400,0.8586281538009644
2000-03-01,0.8881225220111353,1.1264219087538891,0.8539456073624422,1.0173381567001343,8698356800,1.0173381567001343
2000-04-01,1.014996464902233,1.0449600569285964,0.7855926484334612,0.9293214082717896,8662404800,0.9293214082717896
2000-05-01,0.9354069585117486,0.9457069243444778,0.6123690081848802,0.6292229294776917,9807750400,0.6292229294776917
2000-06-01,0.612369353872505,0.8633094852493146,0.6020693822253557,0.7846565246582031,8105204800,0.7846565246582031
2000-07-01,0.7809110654372169,0.9082532307047794,0.7022581897862725,0.7612473964691162,5746770400,0.7612473964691162
2000-08-01,0.7537574601686176,0.9213624529639993,0.6629320467097294,0.9129359126091003,5636086400,0.9129359126091003
2000-09-01,0.9185533744726533,0.9606886659395014,0.38015563877403324,0.38577333092689514,14516930400,0.38577333092689514
2000-10-01,0.39981931796734616,0.40075560840082247,0.26217632322291295,0.2930753827095032,21905788800,0.2930753827095032
2000-11-01,0.2912028130520721,0.3445743701846084,0.24157639279452311,0.24719496071338654,8488373600,0.24719496071338654
2000-12-01,0.25468518371124393,0.2621763068086961,0.20412334070243368,0.22284986078739166,8858970400,0.22284986078739166
2001-01-01,0.22284983217714832,0.33708401907892704,0.21629585040073138,0.32397520542144775,13709460800,0.32397520542144775
2001-02-01,0.3099301964564476,0.3286567323756437,0.2696674778979482,0.2734126150608063,7023766400,0.2734126150608063
2001-03-01,0.26685762828764437,0.355810429415261,0.2574947782429786,0.3306415379047394,10799062400,0.3306415379047394
2001-04-01,0.33094120741645155,0.4062986802241692,0.2809028585503579,0.38187894225120544,11158991200,0.38187894225120544
2001-05-01,0.38067999007282416,0.40000634558727494,0.2891431150627179,0.2988809645175934,7468434400,0.2988809645175934
2001-06-01,0.3015775008683973,0.3760355979363716,0.28989240752506734,0.3483204245567322,7638265600,0.3483204245567322
2001-07-01,0.35416298640344585,0.3778335112019856,0.2674199181789265,0.28150278329849243,8655102400,0.28150278329849243
2001-08-01,0.28479820493092395,0.298131850809977,0.2588800806485793,0.27790695428848267,5129359200,0.27790695428848267
2001-09-01,0.27715758696139825,0.28584675483799526,0.21992850365284666,0.2323628067970276,5531523200,0.2323628067970276
2001-10-01,0.2320632419253379,0.29094086437413424,0.2221752039713352,0.26307469606399536,7544247200,0.26307469606399536
2001-11-01,0.26442390546911093,0.3228510599795286,0.25843119152211924,0.31910592317581177,5369744800,0.31910592317581177
2001-12-01,0.3155101777618118,0.3600054961362274,0.3009784586815192,0.32809463143348694,4629839200,0.32809463143348694
2002-01-01,0.3303421638837294,0.3704924623122397,0.30337531528396383,0.3703431189060211,8515376800,0.3703431189060211
2002-02-01,0.3646498684766179,0.389219768373435,0.31371299743848896,0.32509857416152954,7837424000,0.32509857416152954
2002-03-01,0.3285442459339484,0.379032294024707,0.3268965428402206,0.3546125590801239,5318583200,0.3546125590801239
2002-04-01,0.3502675970016993,0.39206565476033567,0.344574394477083,0.3636012673377991,6422836000,0.3636012673377991
2002-05-01,0.3639007865996559,0.3892198864109128,0.3316904362898705,0.3490687310695648,5976157600,0.3490687310695648
2002-06-01,0.3504177736071639,0.35131628443738455,0.2394043302336318,0.2654726207256317,8708016800,0.2654726207256317
2002-07-01,0.26532231122535677,0.2815025734448582,0.20674501690798258,0.22861765325069427,8118415200,0.22861765325069427
2002-08-01,0.22637020699296734,0.243449866351451,0.20929142274256057,0.22097736597061157,5151686400,0.22097736597061157
2002-09-01,0.21708198910455137,0.22756905705835334,0.21049025140720307,0.21723218262195587,5291837600,0.21723218262195587
2002-10-01,0.2185803202930912,0.24629550551789417,0.20015249033421334,0.2407524734735489,6611432800,0.2407524734735489
2002-11-01,0.23880523322647654,0.26037836264128494,0.22487256891466953,0.23221349716186523,4531721600,0.23221349716186523
2002-12-01,0.23820620121996344,0.2412021447443753,0.20644470680851718,0.21468500792980194,4530439200,0.21468500792980194
2003-01-01,0.21513475477695465,0.2304156641731712,0.20314932676968397,0.21513475477695465,6045832800,0.21513475477695465
2003-02-01,0.21588308221137947,0.22921674901835154,0.20674508202708994,0.22487258911132812,4114303200,0.22487258911132812
2003-03-01,0.2248725943371871,0.2271193460374197,0.21034005457237553,0.21183843910694122,4028404800,0.21183843910694122
2003-04-01,0.2127369750421974,0.22397320886275884,0.19056483188812973,0.21303731203079224,7775342400,0.21303731203079224
2003-05-01,0.21348611385944485,0.2847980535698467,0.20974097855747478,0.26891812682151794,10811544800,0.26891812682151794
2003-06-01,0.27116500144138855,0.2949857150108926,0.24914218466392563,0.2855473756790161,6113335200,0.2855473756790161
2003-07-01,0.28270076357639073,0.32315142708360023,0.27730789851075455,0.3158104717731476,5218270400,0.3158104717731476
2003-08-01,0.31461160063603877,0.34232761881620655,0.2909410563788635,0.3387318253517151,4307564800,0.3387318253517151
2003-09-01,0.3394810553371015,0.34936910091149453,0.3018769885137307,0.3104168176651001,5347484800,0.3104168176651001
2003-10-01,0.31026667643499506,0.37468738415734937,0.30247688918285065,0.3429267108440399,7040191200,0.3429267108440399
2003-11-01,0.3420281091986434,0.3490687025535554,0.297382627827079,0.3132633864879608,4974104800,0.3132633864879608
2003-12-01,0.3152105686319121,0.32809453031020186,0.28839391612283893,0.3201545774936676,5453873600,0.3201545774936676
2004-01-01,0.32285103051141023,0.3721401787381871,0.3173079975193602,0.3379825949668884,7927802400,0.3379825949668884
2004-02-01,0.3364842544895358,0.3610541601258219,0.325098650103768,0.3583577275276184,4922030400,0.3583577275276184
2004-03-01,0.36105409053466775,0.4215794695239959,0.35356381807186066,0.40509968996047974,11626115200,0.40509968996047974
2004-04-01,0.40285296635440293,0.44315257975313077,0.38187885813205197,0.3862230181694031,8930174400,0.3862230181694031
2004-05-01,0.38951928751540704,0.4311679908277611,0.38202816511416765,0.420380562543869,5304275200,0.420380562543869
2004-06-01,0.4163359821290871,0.5122178231195467,0.41363954983448437,0.4874977767467499,8227234400,0.4874977767467499
2004-07-01,0.4809060453256749,0.5038282216114354,0.4305681887087465,0.48450183868408203,9696579200,0.48450183868408203
2004-08-01,0.46712363430846027,0.5270491844134069,0.4449506462036174,0.5167123079299927,8011365600,0.5167123079299927
2004-09-01,0.5138656077941615,0.5883236882095484,0.5122178546320816,0.5805330276489258,7673506400,0.5805330276489258
2004-10-01,0.5860762090032184,0.7970161523808668,0.5640533899895349,0.785030722618103,16094366400,0.785030722618103
2004-11-01,0.7865290819054871,1.0422630473507253,0.7796378313129864,1.004509687423706,17439604000,1.004509687423706
2004-12-01,1.015596193491513,1.0179930884869808,0.9228604801358165,0.9648086428642273,15948615200,0.9648086428642273
2005-01-01,0.9705020505190018,1.1669094650470098,0.9378420239544758,1.1520774364471436,25708244800,1.1520774364471436
2005-02-01,1.1543247516370825,1.3615186489958384,1.1472832851115697,1.3441404104232788,21448946400,1.3441404104232788
2005-03-01,1.3480359433179678,1.351630886389069,1.1634637950898785,1.2485582828521729,14675920000,1.2485582828521729
2005-04-01,1.261142950385614,1.3318558777819918,1.0187426333149017,1.0804661512374878,19375518400,1.0804661512374878
2005-05-01,1.0849599953587232,1.226685333490023,0.9920749666237615,1.1913288831710815,12858294400,1.1913288831710815
2005-06-01,1.1952244859087875,1.2212918981610033,1.064285650491887,1.1029384136199951,11327195600,1.1029384136199951
2005-07-01,1.1035374372173559,1.329758324318374,1.087357242623811,1.2779220342636108,10094246400,1.2779220342636108
2005-08-01,1.2755251784743884,1.4481118592537183,1.2590453464307363,1.4049656391143799,9400806800,1.4049656391143799
2005-09-01,1.4082608158972305,1.6347811100341725,1.3809944582664426,1.6063168048858643,12347770400,1.6063168048858643
2005-10-01,1.6227965672640592,1.7372547641922453,1.434329155194984,1.725569725036621,18643447200,1.725569725036621
2005-11-01,1.7150832909901865,2.129471286802784,1.7039963212438831,2.0320918560028076,13456427600,2.0320918560028076
2005-12-01,2.0659490936302114,2.261008103061889,2.0617541772861694,2.1540403366088867,13064164400,2.1540403366088867
2006-01-01,2.1687216842865493,2.588802702247109,2.123477124806861,2.2625060081481934,21878371200,2.2625060081481934
2006-02-01,2.2457273859247735,2.2909711581908776,1.884673318161744,2.0521657466888428,18760697200,2.0521657466888428
2006-03-01,2.0626538407014015,2.097111901332914,1.7279674577760815,1.8792805671691895,23192632400,1.8792805671691895
2006-04-01,1.9077446463131538,2.158833929468653,1.8292409906218574,2.109095811843872,20119282400,2.109095811843872
2006-05-01,2.120481404768195,2.2112691710450063,1.7585280869757105,1.7908886671066284,15608779200,1.7908886671066284
2006-06-01,1.7932862197710087,1.8906656324944355,1.660250808523943,1.7159814834594727,17936623600,1.7159814834594727
2006-07-01,1.7234723700497663,2.0563607892917277,1.5029447961578861,2.0362861156463623,17479742000,2.0362861156463623
2006-08-01,2.014113014053015,2.0974104794161494,1.8750848805871914,2.032989740371704,17887646000,2.032989740371704
2006-09-01,2.0518662159864713,2.3305223227978806,2.0320909813538597,2.3065521717071533,17721558400,2.3065521717071533
2006-10-01,2.250221737941741,2.474944214825159,2.175313912272876,2.4294002056121826,14387956800,2.4294002056121826
2006-11-01,2.4300005478300104,2.79135412187333,2.3308223138984454,2.7464091777801514,13834884000,2.7464091777801514
2006-12-01,2.7506039328749456,2.766484692031477,2.300260575510128,2.5420618057250977,16890792800,2.5420618057250977
2007-01-01,2.5855074727504532,2.93038129961165,2.45396969078829,2.56872820854187,27209781200,2.56872820854187
2007-02-01,2.583709814372655,2.720939905256073,2.4827345858972283,2.535169839859009,13722354800,2.535169839859009
2007-03-01,2.5177916558569056,2.9013184074861584,2.509402020041482,2.7838633060455322,15918644000,2.7838633060455322
2007-04-01,2.8207173618206642,3.071207608848957,2.6846852099203877,2.9903080463409424,13459740000,2.9903080463409424
2007-05-01,2.9840154102540555,3.6605794222673316,2.9528537776201254,3.631215810775757,17365068000,3.631215810775757
2007-06-01,3.6285198057680383,3.823579035566826,3.457731165919501,3.6566848754882812,23279541600,3.6566848754882812
2007-07-01,3.6270209765113472,4.462089702151247,3.574585726210342,3.947924852371216,24018573600,3.947924852371216
2007-08-01,4.004256068862069,4.184333851949669,3.344470992483076,4.1492767333984375,24360798000,4.1492767333984375
2007-09-01,4.193023346723829,4.644266179255451,3.8951910277674098,4.598422527313232,20931223600,4.598422527313232
2007-10-01,4.6331798475017365,5.696566911813169,4.58224276941797,5.691473484039307,23277791600,5.691473484039307
2007-11-01,5.6510253218040285,5.773275241738858,4.513329811020843,5.4598612785339355,26199790400,5.4598612785339355
2007-12-01,5.449073020646834,6.081292213874931,5.303153019339585,5.935073375701904,17252678800,5.935073375701904
2008-01-01,5.970729701778626,6.000392962790075,3.7795344665476227,4.055793762207031,35173888400,4.055793762207031
2008-02-01,4.082159108090726,4.0926459984985115,3.4589288198461268,3.745974540710449,24865954400,3.745974540710449
2008-03-01,3.7285960440458883,4.366807782898832,3.535634298017302,4.2996907234191895,22927273600,4.2996907234191895
2008-04-01,4.383586701703591,5.393339683016629,4.3029867893753995,5.212063789367676,22786982400,5.212063789367676
2008-05-01,5.242327442535106,5.7600884689942475,5.153637309349963,5.655517578125,18588214400,5.655517578125
2008-06-01,5.6510223226698475,5.691472904153738,4.918427303687792,5.017005443572998,19475794800,5.017005443572998
2008-07-01,4.920825741607377,5.420608666792182,4.390480241822702,4.7626214027404785,19749760800,4.7626214027404785
2008-08-01,4.791086375755141,5.406826906664367,4.581644880153521,5.0796308517456055,13085755200,5.0796308517456055
2008-09-01,5.165623084911489,5.198582349832608,3.01397911907217,3.4055960178375244,24067562400,3.4055960178375244
2008-10-01,3.353461062254766,3.4876954526033814,2.54685617203165,3.2237210273742676,41426711200,3.2237210273742676
2008-11-01,3.173980762464635,3.3495641792965705,2.3712723375674565,2.7766716480255127,23619461600,2.7766716480255127
2008-12-01,2.735621746725211,3.1041668865679926,2.533371865165692,2.5573418140411377,20213846800,2.5573418140411377
2009-01-01,2.573223648907729,2.911505807795776,2.34310744245279,2.7005667686462402,18105740800,2.7005667686462402
2009-02-01,2.669703652127141,3.0861889232748494,2.5920994987184427,2.6759958267211914,13867450800,2.6759958267211914
2009-03-01,2.640339828020074,3.2953308579584504,2.4668538717551427,3.1497111320495605,15424598000,3.1497111320495605
2009-04-01,3.118848469389556,3.8112934070421702,3.112855732569171,3.7702443599700928,11821681200,3.7702443599700928
2009-05-01,3.769346095736038,4.071972188286532,3.576983190895251,4.069275856018066,9457142800,4.069275856018066
2009-06-01,4.08905139266066,4.386583221043221,3.9814837502832727,4.267630577087402,12675572000,4.267630577087402
2009-07-01,4.29969181739505,4.943896457624891,4.027627467722912,4.895656108856201,10942136800,4.895656108856201
2009-08-01,4.95018914237166,5.168320072464656,4.7767033240922006,5.040078639984131,8165124800,5.040078639984131
2009-09-01,5.033486024569311,5.660012899697426,4.917229285592397,5.553644180297852,9989319200,5.553644180297852
2009-10-01,5.5536446478117725,6.253580636052639,5.414315851425497,5.6480278968811035,12956176800,5.6480278968811035
2009-11-01,5.686978353692284,6.232305149264649,5.560235136298998,5.989904880523682,8454784800,5.989904880523682
2009-12-01,6.0597183325203074,6.410584769410924,5.653419864800631,6.314104080200195,11393958800,6.314104080200195
2010-01-01,6.395003690446008,6.459724058186083,5.70046138517537,5.75469446182251,15168994400,5.75469446182251
2010-02-01,5.763984162719674,6.14751066906895,5.718440145060474,6.131031036376953,10776080000,6.131031036376953
2010-03-01,6.164890515441143,7.115617584435434,6.155901804822932,7.041308403015137,12154172800,7.041308403015137
2010-04-01,7.113517222013144,8.163720212438491,6.973889619172277,7.8230414390563965,12367129600,7.8230414390563965
2010-05-01,7.905439521557448,8.02649043459213,5.9701286982634585,7.696897029876709,18082654800,7.696897029876709
2010-06-01,7.781092496245328,8.359977375108699,7.257039168863658,7.536594390869141,16651252800,7.536594390869141
2010-07-01,7.619591186840826,7.969859087128758,7.179135388977723,7.707982063293457,15669704400,7.707982063293457
2010-08-01,7.80356395540199,7.918621309182099,7.0580842502177745,7.284005641937256,9589120800,7.284005641937256
2010-09-01,7.41494574734052,8.830997200822143,7.379290149637129,8.502004623413086,11849919200,8.502004623413086
2010-10-01,8.573915979946232,9.558200681858816,8.322825784911089,9.018267631530762,12234577600,9.018267631530762
2010-11-01,9.055417844550997,9.627112164729954,8.921783007050472,9.32298755645752,9508086000,9.32298755645752
2010-12-01,9.44643742505423,9.787716300379644,9.435051221280764,9.664868354797363,6973234800,9.664868354797363
2011-01-01,9.7571519502732,10.445102211911024,9.733181800420196,10.167045593261719,10841535600,10.167045593261719
2011-02-01,10.22637557700297,10.933501984005686,10.119107948125771,10.583234786987305,9295949600,10.583234786987305
2011-03-01,10.650950106527459,10.836720998899164,9.775730254011213,10.442407608032227,11306458800,10.442407608032227
2011-04-01,10.520312297438096,10.64076314837462,9.5929571595801,10.490948677062988,9253829200,10.490948677062988
2011-05-01,10.479256055451115,10.54187893838685,9.870408558535688,10.422026634216309,6912060400,10.422026634216309
2011-06-01,10.453195776579493,10.550874224981378,9.303514766189602,10.057682991027832,9263850400,10.057682991027832
2011-07-01,10.066071166659501,12.120036179785863,10.013635907538358,11.69995403289795,10653946800,11.69995403289795
2011-08-01,11.918683098993132,11.970219042674765,10.577538814359762,11.530662536621094,16142599200,11.530662536621094
2011-09-01,11.560328417091307,12.670158042628929,10.9808425750789,11.425494194030762,11977448000,11.425494194030762
2011-10-01,11.397030871800448,12.785217334812836,10.614097479926974,12.128427505493164,13141427600,12.128427505493164
2011-11-01,11.907599164727865,12.224907882437405,10.886159642014961,11.451861381530762,8963701600,11.451861381530762
2011-12-01,11.462048988157079,12.257567055929226,11.316428636756577,12.135018348693848,6306532400,12.135018348693848
2012-01-01,12.266857752266892,13.73024953744012,12.254872273237265,13.677515029907227,6859854400,13.677515029907227
2012-02-01,13.735346528838303,16.408047926847427,13.60261012996386,16.253137588500977,11368554400,16.253137588500977
2012-03-01,16.424822751211874,18.620512782803043,15.467504668979984,17.964323043823242,15584338000,17.964323043823242
2012-04-01,18.032637343896855,19.296177104695797,16.62946917063357,17.4977970123291,15598990400,17.4977970123291
2012-05-01,17.525362268431063,17.88072284771486,15.646082747220532,17.310527801513672,11106345600,17.310527801513672
2012-06-01,17.05374619462184,17.678175196520293,16.43471145792097,17.498397827148438,7855825600,17.498397827148438
2012-07-01,17.520267306066255,18.57316652764557,17.07891217118933,18.300203323364258,8909650400,18.300203323364258
2012-08-01,18.45451202508388,20.400908286679478,17.985291097685725,19.932586669921875,8276206400,19.932586669921875
2012-09-01,20.03381761794048,21.216718939735976,19.740122817284053,20.074140548706055,9199005200,20.074140548706055
2012-10-01,20.196311668071676,20.364525032881332,17.684863680730174,17.914161682128906,12142830000,17.914161682128906
2012-11-01,18.001431415191075,18.14526881462933,15.218855999073647,17.612045288085938,12929851200,17.612045288085938
2012-12-01,17.945502366391445,17.973917558614477,15.151729255672567,16.087017059326172,12132752800,16.087017059326172
2013-01-01,16.741476213775613,16.777146553099538,13.149655471932386,13.769049644470215,13123423600,13.769049644470215
2013-02-01,13.878477499430382,14.659295409113737,13.230063612533408,13.343120574951172,9344034000,13.343120574951172
2013-03-01,13.317510511041021,14.288960616613828,12.739810843202157,13.459199905395508,9176876800,13.459199905395508
2013-04-01,13.436087459182378,13.537945406391993,11.709067716605867,13.462843894958496,10963489600,13.462843894958496
2013-05-01,13.51392815107819,14.161256235041613,12.736769416298728,13.674164772033691,9447530400,13.674164772033691
2013-06-01,13.79527702550773,13.908521292869514,11.901957625186007,12.136404037475586,7018536000,12.136404037475586
2013-07-01,12.32494392762964,13.997589413373069,12.279951708051327,13.850372314453125,6538114800,13.850372314453125
2013-08-01,13.948926175885408,15.723797281635358,13.872714584914027,14.912113189697266,8058338400,14.912113189697266
2013-09-01,15.191730906261377,15.648314430234372,13.778231913384701,14.688011169433594,8630941200,14.688011169433594
2013-10-01,14.740385219524741,16.613549575964797,14.735148045122834,16.103666305541992,7837732000,16.103666305541992
2013-11-01,16.144331247717442,17.201374797921893,15.785718972732601,17.13174819946289,5225155600,17.13174819946289
2013-12-01,17.29157176401017,17.82271404627662,16.69659258048253,17.385156631469727,7057397200,17.385156631469727
2014-01-01,17.219682332378092,17.359750186584904,15.294367052241896,15.512835502624512,8765954400,15.512835502624512
2014-02-01,15.575122176241921,17.08054160142785,15.47255084285123,16.30738067626953,5880366800,16.30738067626953
2014-03-01,16.317082244964247,17.114513322714593,16.298066100551566,16.73232078552246,5001698800,16.73232078552246
2014-04-01,16.764121375667738,18.68662217268695,15.940193651852667,18.395456314086914,6435060800,18.395456314086914
2014-05-01,18.454997174155945,20.08134402280484,18.09119637959115,19.733131408691406,5735668400,19.733131408691406
2014-06-01,19.873443888392423,20.85746031158286,19.514193951081026,20.392253875732422,4827739200,20.392253875732422
2014-07-01,20.521718783674586,21.82078527803016,20.31325459508417,20.978147506713867,4140344000,20.978147506713867
2014-08-01,20.824539759450893,22.580033072379628,20.469051760882024,22.492258071899414,3748308000,22.492258071899414
2014-09-01,22.727637492303987,22.877596747075994,21.201582635357394,22.218217849731445,6105680000,22.218217849731445
2014-10-01,22.182935798278777,23.82587226571303,20.98987884399146,23.81705093383789,5441120800,23.81705093383789
2014-11-01,23.8655551365292,26.40824427428151,23.755291068578128,26.2274112701416,3281632800,26.2274112701416
2014-12-01,26.31456238680868,26.41201606859184,23.53493403665176,24.44744873046875,4294378400,24.44744873046875
2015-01-01,24.67115512920937,26.57813656277163,23.173919629698027,25.949121475219727,5221053600,25.949121475219727
2015-02-01,26.146240757585765,29.590324731003328,25.70991610805011,28.451894760131836,4546140800,28.451894760131836
2015-03-01,28.739839785474402,28.968868798211165,27.04546718894332,27.668071746826172,4554568400,27.668071746826172
2015-04-01,27.75479585788032,29.916119672383278,27.3723388568177,27.828174591064453,3984542000,27.828174591064453
2015-05-01,28.039415095240074,29.567019068656347,27.430153093717752,28.968873977661133,3816608400,28.968873977661133
2015-06-01,29.089870608004993,29.33771965952851,27.794805226177704,28.006927490234375,3514426800,28.006927490234375
2015-07-01,28.335157717251867,29.690511512590003,26.620311245234138,27.084749221801758,4233122400,27.084749221801758
2015-08-01,27.129403918380095,27.368321234540012,20.54242930445242,25.177873611450195,6427276400,25.177873611450195
2015-09-01,24.706431014678678,26.218199420974894,24.080639238051496,24.740076065063477,4826189200,24.740076065063477
2015-10-01,24.464188703615537,27.18941040444977,24.069423649063584,26.803617477416992,4450048400,26.803617477416992
2015-11-01,27.095197403566903,27.772576568590054,24.897076455431115,26.534452438354492,3002562400,26.534452438354492
2015-12-01,26.749404216309493,26.999440890049655,23.611558246655083,23.71067237854004,3687660800,23.71067237854004
2016-01-01,23.113735537862926,23.84357135621351,20.811597305655006,21.926624298095703,5087392000,21.926624298095703
2016-02-01,21.73065533134675,22.275779675146953,20.856652556127063,21.78021240234375,3243450400,21.78021240234375
2016-03-01,22.11581732537048,25.007972047240145,22.06372605914743,24.684104919433594,2984198400,24.684104919433594
2016-04-01,24.636542156162317,25.454136688417677,20.95170613230117,21.230276107788086,3489534800,21.230276107788086
2016-05-01,21.282368967183075,22.813377350851223,20.263206903671,22.6163387298584,3602686000,22.6163387298584
2016-06-01,22.562630400226805,23.21658731210376,20.84912898010396,21.78335189819336,3117990800,21.78335189819336
2016-07-01,21.758293571895436,23.822700913535343,21.50309215704546,23.745227813720703,2743118400,23.745227813720703
2016-08-01,23.790804884015248,25.116946750772406,23.69738167948647,24.175886154174805,2520514000,24.175886154174805
2016-09-01,24.316007487879443,26.61610866410094,23.488979012494703,25.899045944213867,3872062400,25.899045944213867
2016-10-01,25.82115472797981,27.191136035827174,25.722644351764643,26.011302947998047,2747657200,26.011302947998047
2016-11-01,25.99297311940752,26.063991612908566,23.84407466677589,25.31943702697754,2886220000,25.31943702697754
2016-12-01,25.41489598897209,27.176459768596466,24.926723043788524,26.66986656188965,2435086800,26.66986656188965
2017-01-01,26.66526292788214,28.19425537088592,26.425781950965586,27.943260192871094,2252488000,27.943260192871094
2017-02-01,29.251193081837,31.657513489418218,29.24658845558379,31.5446834564209,2299874400,31.5446834564209
2017-03-01,31.88958750033083,33.418271188590175,31.69532296457269,33.22400665283203,2246513600,33.22400665283203
2017-04-01,33.23556637807663,33.64028587180985,32.39143503096584,33.22168731689453,1493216400,33.22168731689453
2017-05-01,33.55702485480774,36.228170348522426,33.36507178173642,35.32853698730469,2615927200,35.32853698730469
2017-06-01,35.56959040918385,36.2221363607725,33.022104250841856,33.44475173950195,2736712400,33.44475173950195
2017-07-01,33.64445337023734,35.7600040356706,33.07086254960207,34.538509368896484,1688047600,34.538509368896484
2017-08-01,34.62442976173025,38.20530582927366,34.46419542175774,38.08454895019531,2644276000,38.08454895019531
2017-09-01,38.4206263733256,38.45326511205479,34.774397235574895,35.93074417114258,2721496400,35.93074417114258
2017-10-01,35.963374958102094,39.551319586418295,35.54373514075675,39.40910720825195,2017165200,39.40910720825195
2017-11-01,39.602610921399034,41.08768215078856,38.532522946328875,40.0642204284668,2402653600,40.0642204284668
2017-12-01,39.763694695314555,41.45999826529242,38.9471315375548,39.59523391723633,2124735200,39.59523391723633
2018-01-01,39.81283621938728,42.138527807910314,38.53534239958458,39.17408752441406,2638717600,39.17408752441406
2018-02-01,39.11325567556971,42.26019098234987,35.15209554297142,41.67525863647461,3711577200,41.67525863647461
2018-03-01,41.943834654944716,43.109073309123715,38.74883191745845,39.41602325439453,2854910800,39.41602325439453
2018-04-01,39.148220673068955,42.03782242242871,37.736311215199855,38.82402038574219,2664617200,38.82402038574219
2018-05-01,39.094178335473806,44.723023706832535,38.82636186735005,43.900779724121094,2483905200,43.900779724121094
2018-06-01,44.33420984625096,45.798729534894036,42.6220613967061,43.65501022338867,2110498000,43.65501022338867
2018-07-01,43.35077530919298,46.2137845836195,43.25644005557016,44.876609802246094,1574765600,44.876609802246094
2018-08-01,46.961379579777415,53.975043697936165,46.53216222079171,53.682613372802734,2801275600,53.682613372802734
2018-09-01,54.05547678977385,54.35366689847096,50.95286603567079,53.4235954284668,2715888000,53.4235954284668
2018-10-01,53.94660905840008,55.25297236822176,48.77322488322597,51.795372009277344,3158994000,51.795372009277344
2018-11-01,51.84034301664698,52.62368657488113,40.29370643360043,42.262718200683594,3845305600,42.262718200683594
2018-12-01,43.8065904571561,43.92058251772295,34.813009329719534,37.460975646972656,3595690000,37.460975646972656
2019-01-01,36.78415114840772,40.13507372055917,33.72296135100238,39.5271110534668,3312349600,39.5271110534668
2019-02-01,39.65059560242622,41.7665894500296,39.40598211149028,41.120628356933594,1890162400,41.120628356933594
2019-03-01,41.56650385234753,47.1498869956812,40.42645428231355,45.303863525390625,2603925600,45.303863525390625
2019-04-01,45.706934087883766,49.723343006207664,44.929411887271286,47.860626220703125,2024470800,47.860626220703125
2019-05-01,50.05724937582297,51.35232509126447,41.73584019182229,41.754920959472656,2957826400,41.754920959472656
2019-06-01,42.04262341040062,48.2604306048151,40.76650010760484,47.38653564453125,2060874800,47.38653564453125
2019-07-01,48.643484502896435,53.00097467114659,47.50383435221519,51.00658416748047,1895406800,51.00658416748047
2019-08-01,51.212491480010435,52.20130796392205,46.10800366720058,49.977073669433594,2724326400,49.977073669433594
2019-09-01,49.61179419792211,54.41603812433553,49.08066187636695,53.82722473144531,2170268400,53.82722473144531
2019-10-01,54.09158494414131,60.02298351702951,51.70268163002816,59.78505325317383,2433210800,59.78505325317383
2019-11-01,59.97250475602223,64.40903946079864,59.881180999722154,64.22879028320312,1793326000,64.22879028320312
2019-12-01,64.42643886769775,70.86257751001682,61.779673164413914,70.78543853759766,2388794800,70.78543853759766
2020-01-01,71.40977755182385,79.02949222923483,70.56850211801904,74.60856628417969,2934370400,74.60856628417969
2020-02-01,73.3526761651419,78.87763308301447,61.79896807319093,65.89447021484375,3019279200,65.89447021484375
2020-03-01,68.20617779982373,73.45429410802149,51.37209708927431,61.44306564331055,6280072400,61.44306564331055
2020-04-01,59.560795967649284,71.16608991336996,57.24118540042948,70.98970031738281,3265299200,70.98970031738281
2020-05-01,69.1654148179091,78.3447805244204,69.06876593135897,76.82254028320312,2805936000,76.82254028320312
2020-06-01,76.98446530888258,90.22022208535768,76.85363204659134,88.38373565673828,3243375600,88.38373565673828
2020-07-01,88.46127055360421,103.12890351490226,86.39219732692443,102.97869110107422,3020283200,102.97869110107422
2020-08-01,104.85877340672872,126.9547107552356,104.56077376046011,125.05522918701172,4070061100,125.05522918701172
2020-09-01,128.89234882625325,133.96027776607926,100.09642601053542,112.43614959716797,3885245100,112.43614959716797
2020-10-01,114.21283576623904,121.73705781469852,104.58183332192213,105.6886215209961,2894666500,105.6886215209961
2020-11-01,105.93133312893481,118.43610145557105,104.19347974956423,115.58175659179688,2123077300,115.58175659179688
2020-12-01,117.68735123302265,134.97914551811755,116.7148088881301,129.04664611816406,2322189600,129.04664611816406
2021-01-01,129.85386419496606,141.10617194156654,122.909904697257,128.33670043945312,2240262000,128.33670043945312
2021-02-01,130.0775405785819,134.09414527191862,115.13928934359089,117.93048858642578,1833855600,117.93048858642578
2021-03-01,120.53194789401545,125.3727069095062,113.18802064172316,118.97355651855469,2650418200,118.97355651855469
2021-04-01,120.4442757165248,133.50555770428855,119.30469544164279,128.04144287109375,1889857500,128.04144287109375
2021-05-01,128.60637084102854,130.58359555679195,119.07096057817597,121.36959075927734,1711934900,121.36959075927734
2021-06-01,122.03431769173899,134.0640853489463,120.13179550878375,133.6250457763672,1606590000,133.6250457763672
2021-07-01,133.27381913840188,146.3475254577297,132.45426168153608,142.30833435058594,1919035100,142.30833435058594
2021-08-01,142.7961428303559,149.7525324954378,140.98143313021447,148.13294982910156,1461542800,148.13294982910156
2021-09-01,149.33196772937086,153.6605649640448,138.0365600104085,138.26129150390625,1797835100,138.26129150390625
2021-10-01,138.6521608503952,149.6642152012207,135.1052550936372,146.37135314941406,1565079200,146.37135314941406
2021-11-01,145.57990870997847,161.90744036233758,144.10446018507088,161.5166015625,1691029000,161.5166015625
2021-12-01,163.88551397184,178.2211023486754,154.4132748066631,173.75897216796875,2444766700,173.75897216796875
2022-01-01,174.01341350091732,179.0137432542951,151.3798248909654,171.02886962890625,2108446000,171.02886962890625
2022-02-01,170.27537313364252,172.85871257008688,148.73775951585873,161.576171875,1627516300,161.576171875
2022-03-01,161.37050183457345,175.9790921071405,147.06565731090237,171.08016967773438,2180800100,171.08016967773438
2022-04-01,170.5118867842291,174.8817320131328,152.23891275613173,154.4630126953125,1687795600,154.4630126953125
2022-05-01,153.54202960411118,163.11451303274157,129.92921809194237,145.83111572265625,2401040300,145.83111572265625
2022-06-01,147.0854966995628,148.8909605464625,126.61715996937232,134.15296936035156,1749099800,134.15296936035156
2022-07-01,133.48570877205924,160.5576907977121,133.11285382651312,159.45870971679688,1447125400,159.45870971679688
2022-08-01,157.98688382507245,172.8426158062477,154.18955142433913,154.26805114746094,1510239600,154.26805114746094
2022-09-01,153.91244172851154,161.3997505833095,135.59701890511008,135.7935333251953,2084722800,135.7935333251953
2022-10-01,135.80337356417806,154.75747266722325,132.03022759773376,150.66990661621094,1868139700,150.66990661621094
2022-11-01,152.37960386875025,152.74315628508194,132.04005461794642,145.45236206054688,1724847700,145.45236206054688
2022-12-01,145.87081160742557,148.53803133007636,123.88339940581686,127.87931060791016,1675731200,127.87931060791016
2023-01-01,128.22378998547796,144.9062651874295,122.2102234947377,142.01266479492188,1443652500,142.01266479492188
2023-02-01,141.69772609440997,154.8960799856883,139.08955698895676,145.08343505859375,1307198900,145.08343505859375
2023-03-01,144.7332195699501,162.64374399803975,141.8450531431472,162.545166015625,1520266600,162.545166015625
2023-04-01,161.92416528916084,167.42448254310634,157.49827880523247,167.25689697265625,969776400,167.25689697265625
2023-05-01,166.86263865590547,176.78884379248618,161.96361027812986,174.7188262939453,1275364700,174.7188262939453
2023-06-01,175.4046899325577,191.96794560784363,174.64463161529676,191.46453857421875,1297383300,191.46453857421875
2023-07-01,191.27696546736766,195.66948233165073,184.18971590728515,193.9124755859375,996114000,193.9124755859375
2023-08-01,193.7052260577921,194.18888721993483,169.73884550043704,185.44332885742188,1322657800,185.44332885742188
2023-09-01,187.29499268089975,187.77930697031113,165.67831995645096,169.22674560546875,1337823000,169.22674560546875
2023-10-01,169.23662387558105,180.22780725210708,163.75091091983853,168.79183959960938,1172816900,168.79183959960938
2023-11-01,169.0191381125677,190.69509402412015,168.14932719544595,187.74961853027344,1099651600,187.74961853027344
2023-12-01,188.37309868624124,197.56757567488006,185.52270495541757,190.55047607421875,1063181200,190.55047607421875
2024-01-01,185.2257843173716,194.36089561823658,178.3175544198038,182.50405883789062,1187490800,182.50405883789062
2024-02-01,182.0982635642375,189.08567188971548,177.406993691852,178.89157104492188,1161553500,178.89157104492188
2024-03-01,177.93068217383927,178.90183954150697,166.9704322323547,169.93345642089844,1433151800,169.93345642089844
2024-04-01,169.6461136543737,176.75144870270327,162.60023507253763,168.7938690185547,1246144100,168.7938690185547
2024-05-01,168.05060085436023,191.25937973042303,167.58483846086685,190.51614379882812,1336511300,190.51614379882812
2024-06-01,191.41954931138955,218.51003373707246,190.67530531695695,209.00355529785156,1717952100,209.00355529785156
2024-07-01,210.46226031528676,235.40931669337712,210.29356683844452,220.37559509277344,1153099800,220.37559509277344
2024-08-01,222.6480217121509,231.13240601724686,194.4957579233761,227.24249267578125,1122667000,227.24249267578125
2024-09-01,227.0584750913619,231.5688401699434,212.52394630153594,231.47943115234375,1232097700,231.47943115234375
2024-10-01,228.0221564639488,235.94014544763533,219.88560198777526,224.4357147216797,930736000,224.4357147216797
2024-11-01,219.5279535305805,236.25805224577766,218.27618173342512,235.78118896484375,891588300,235.78118896484375
2024-12-01,235.98091366930555,258.6868798435115,235.87151069350782,249.05946350097656,977916100,249.05946350097656
2025-01-01,247.57753144509664,247.74662117309023,218.18809165370698,234.71778869628906,1200176400,234.71778869628906
2025-02-01,228.74046754203567,248.6417475528458,224.4737666555316,240.5260772705078,862272300,240.5260772705078
2025-03-01,240.74073437115717,242.9710192563616,207.51554989891628,221.1660614013672,1115239500,221.1660614013672
2025-04-01,218.856125962743,224.21278416478458,168.47571518513428,211.57785034179688,1607318600,211.57785034179688
2025-05-01,208.17270600256592,213.6289214679078,192.41139794662365,199.97842407226562,1195728200,199.97842407226562
2025-06-01,199.67236754993894,206.76079706763053,194.47818273322756,204.5475311279297,1100409300,204.5475311279297
2025-07-01,206.04298321828549,215.57397675379596,205.51459239931856,206.9402618408203,1079935600,206.9402618408203
2025-08-01,210.2302410683973,234.4066695027768,200.88867338257592,231.4357147216797,1218079100,231.4357147216797
2025-09-01,228.8138771441885,257.1099504859849,225.5201519844923,254.14559936523438,1265536400,254.14559936523438
2025-10-01,254.55481333131326,276.79244258078194,243.53582217655114,269.85565185546875,1097142200,269.85565185546875
2025-11-01,269.9055636701716,279.8466071371758,264.8152598696411,278.31951904296875,877578200,278.31951904296875
2025-12-01,277.7501099775476,288.35017650299767,266.7004519424265,271.6058349609375,924528800,271.6058349609375
2026-01-01,272.0054776952216,277.5802476161829,243.19242822150838,259.2374267578125,1040017300,259.2374267578125
2026-02-01,260.0299987792969,280.9100036621094,255.4499969482422,274.2300109863281,917308381,274.2300109863281
